provider_id,provider_name,provider_type,address,city,state,zip_code,phone,email,is_in_network,average_rating,total_reviews,accepts_emergency,operating_hours,specialties,license_number,created_at
ab1bff3a-3260-4009-a4c1-f6473d520cfa,Valley Animal Medical Center,Emergency Hospital,8950 Veterinary Drive,Boston,MA,02101,(860) 993-5916,contact@rivervet90.com,True,4.5,380,True,7AM-9PM,Surgery,VETMA90413,2025-12-22T21:19:28.817463
cbb36380-f691-494e-a229-acecc3924864,Meadow Pet Clinic,Specialty Clinic,5526 Medical Plaza,Miami,FL,33101,(719) 477-4101,contact@rivervet61.com,True,4.3,169,True,9AM-5PM,Surgery,VETFL43883,2025-12-22T21:19:28.817474
b43f6584-ddae-49d9-9009-3dbe38d49037,Valley Animal Care,General Practice,9572 Medical Center,Houston,TX,77001,(254) 970-2757,contact@petvet8.com,False,3.9,412,False,9AM-5PM,Cardiology,VETTX75416,2025-12-22T21:19:28.817499
2a5ed89f-c5da-43b9-855d-429bed741166,Mountain Animal Medical Center,Specialty Clinic,6463 Healthcare Center,Philadelphia,PA,19101,(574) 399-9533,contact@centralvet74.com,True,3.6,365,False,8AM-6PM,Surgery,VETPA81665,2025-12-22T21:19:28.817513
8615fac1-80a0-4c64-b6b6-d21d5898d7cd,Oak Animal Hospital,Emergency Hospital,750 Healthcare Plaza,Nashville,TN,37201,(895) 771-8422,contact@cityvet44.com,True,5.0,186,True,7AM-9PM,Cardiology,VETTN12846,2025-12-22T21:19:28.817525
dc96400e-a575-411b-ae00-c39d7b52b941,Central Animal Medical Center,Emergency Hospital,8711 Veterinary Park,Detroit,MI,48201,(271) 276-5070,contact@familyvet1.com,False,4.5,419,False,7AM-9PM,Oncology,VETMI64931,2025-12-22T21:19:28.817536
b6006fbb-42bc-4f8c-bdf5-e650603c412f,Family Animal Care,General Practice,340 Animal Center,Philadelphia,PA,19101,(973) 612-2538,contact@petvet37.com,False,4.7,402,True,24/7,Dermatology,VETPA13957,2025-12-22T21:19:28.817546
26cf3790-e04b-480d-8eaa-131d9c3c10f2,City Veterinary Clinic,General Practice,6137 Medical Plaza,Boston,MA,02101,(403) 465-8079,contact@companionvet25.com,True,4.4,177,True,7AM-9PM,Cardiology,VETMA15730,2025-12-22T21:19:28.817562
97719b55-dfec-4e3a-9ee7-aa4daf30ed6e,Sunrise Vet Center,Mobile Vet,3936 Medical Drive,Austin,TX,78701,(932) 840-4322,contact@valleyvet56.com,True,4.7,321,False,8AM-6PM,Orthopedics,VETTX90241,2025-12-22T21:19:28.817572
ec33a6dd-bc5d-459b-a35f-2b917e47105b,Animal Animal Care,Mobile Vet,8407 Animal Drive,Las Vegas,NV,89101,(445) 824-9853,contact@sunsetvet16.com,False,3.8,129,False,7AM-9PM,Surgery,VETNV75690,2025-12-22T21:19:28.817580
b01708e6-5ff5-4ebf-94e2-b0b3ca587157,Sunset Pet Hospital,Mobile Vet,6337 Medical Drive,Nashville,TN,37201,(316) 382-2527,contact@rivervet89.com,False,4.5,94,False,8AM-6PM,Surgery,VETTN50649,2025-12-22T21:19:28.817590
a01e1ba5-4991-460e-b0cd-1b3cbe2b10a5,Sunrise Veterinary Clinic,General Practice,7897 Veterinary Center,Seattle,WA,98101,(280) 422-7283,contact@meadowvet22.com,True,4.6,147,False,24/7,Surgery,VETWA75567,2025-12-22T21:19:28.817597
0fd1a028-fa1a-4091-b418-1ea08ed7767e,Animal Animal Care,Specialty Clinic,6175 Animal Center,Fort Worth,TX,76101,(485) 816-2200,contact@rivervet1.com,True,4.9,371,False,24/7,Cardiology,VETTX34780,2025-12-22T21:19:28.817606
440287cc-c506-4353-8b92-8362ce2620df,Oak Veterinary Hospital,General Practice,395 Animal Drive,Seattle,WA,98101,(918) 620-3102,contact@petvet73.com,False,4.6,468,False,7AM-9PM,Dermatology,VETWA20607,2025-12-22T21:19:28.817613
67e33988-2b65-4969-9cfa-3514ab40ec72,Metro Animal Hospital,General Practice,2292 Medical Plaza,Las Vegas,NV,89101,(221) 699-2355,contact@animalvet11.com,True,4.5,233,True,8AM-6PM,Oncology,VETNV48585,2025-12-22T21:19:28.817622
2e03dcb7-5e02-459e-a2a5-0d494616af9c,Metro Vet Center,General Practice,2602 Healthcare Center,Los Angeles,CA,90001,(507) 693-2167,contact@companionvet56.com,False,4.1,280,True,9AM-5PM,Cardiology,VETCA57893,2025-12-22T21:19:28.817631
1d882aa1-8f94-4cec-84bb-7d38237e0bac,City Pet Clinic,Specialty Clinic,1953 Medical Park,Boston,MA,02101,(690) 304-7375,contact@valleyvet67.com,True,3.6,347,True,9AM-5PM,Orthopedics,VETMA81633,2025-12-22T21:19:28.817639
c1ed2453-5804-419a-b27b-34d904b187ac,Companion Animal Hospital,Emergency Hospital,6294 Animal Center,San Jose,CA,95101,(574) 957-4322,contact@metrovet10.com,True,4.5,191,True,24/7,Surgery,VETCA71877,2025-12-22T21:19:28.817647
efbb9af0-b008-4db4-87ac-cbe63f4c8f1e,Premier Pet Hospital,Emergency Hospital,393 Medical Center,Boston,MA,02101,(832) 561-4473,contact@familyvet11.com,False,4.7,437,False,8AM-6PM,,VETMA34047,2025-12-22T21:19:28.817655
18efea0b-9c03-471c-a76e-6fc2d99a22d9,City Pet Hospital,Emergency Hospital,7828 Medical Plaza,Atlanta,GA,30301,(968) 604-7239,contact@familyvet86.com,True,3.6,391,True,8AM-6PM,Oncology,VETGA53942,2025-12-22T21:19:28.817665
e597b975-88ce-4aa9-adfd-de56049bf013,Mountain Animal Care,Specialty Clinic,2799 Medical Center,Houston,TX,77001,(681) 737-9046,contact@premiervet82.com,True,3.8,326,False,9AM-5PM,Orthopedics,VETTX33972,2025-12-22T21:19:28.817676
ab1d1aa0-09d9-46e5-a49b-60bd0f1bbfaf,Mountain Pet Clinic,Mobile Vet,2802 Veterinary Drive,Las Vegas,NV,89101,(454) 707-2674,contact@familyvet89.com,True,4.3,291,False,24/7,Orthopedics,VETNV73680,2025-12-22T21:19:28.817684
c63f8d32-08d6-4bc9-be04-26c56e6a5db3,Valley Animal Hospital,Emergency Hospital,9706 Healthcare Drive,San Antonio,TX,78201,(852) 287-5348,contact@sunrisevet27.com,False,4.7,260,False,7AM-9PM,,VETTX11942,2025-12-22T21:19:28.817691
8244a8bc-ab32-4152-b1c5-49f4ad822280,Sunrise Veterinary Hospital,General Practice,7848 Animal Plaza,Houston,TX,77001,(400) 348-8082,contact@rivervet84.com,True,4.7,472,True,8AM-6PM,,VETTX34596,2025-12-22T21:19:28.817700
36e2eefa-2604-4ab4-9c64-1e9ac8045ce0,Animal Animal Hospital,Emergency Hospital,6442 Veterinary Center,Charlotte,NC,28201,(299) 531-2043,contact@mountainvet25.com,True,3.8,149,False,9AM-5PM,Cardiology,VETNC98031,2025-12-22T21:19:28.817710
e8823cc4-6a9a-490d-bdff-7f55883814df,Pet Veterinary Clinic,General Practice,3622 Medical Plaza,Portland,OR,97201,(370) 540-6043,contact@petvet52.com,True,3.9,430,False,7AM-9PM,Oncology,VETOR19991,2025-12-22T21:19:28.817718
902cab83-87a9-40d3-ad6d-bc4b0bb45d9c,City Animal Hospital,Specialty Clinic,7543 Medical Park,Houston,TX,77001,(373) 399-1462,contact@sunrisevet31.com,False,4.0,280,False,24/7,Cardiology,VETTX57570,2025-12-22T21:19:28.817725
e257397b-b0ce-4fab-855f-011ad90ec686,City Veterinary Hospital,Mobile Vet,8014 Veterinary Park,Fort Worth,TX,76101,(662) 772-1787,contact@familyvet39.com,False,4.0,377,False,24/7,Surgery,VETTX21250,2025-12-22T21:19:28.817732
e3d83afb-1d38-481a-8de6-7b82da45adf2,River Pet Hospital,Emergency Hospital,2844 Veterinary Center,Phoenix,AZ,85001,(502) 728-6927,contact@companionvet99.com,False,4.6,327,False,7AM-9PM,Dermatology,VETAZ33023,2025-12-22T21:19:28.817740
1e5cc946-5fcb-4d8b-89f3-d40b9220fac7,Mountain Pet Clinic,Emergency Hospital,1109 Healthcare Plaza,Denver,CO,80201,(538) 742-4740,contact@metrovet26.com,True,4.7,330,True,7AM-9PM,Cardiology,VETCO71184,2025-12-22T21:19:28.817747
cb1a4b8c-379d-4c35-85c3-239db2530d65,Oak Veterinary Hospital,Emergency Hospital,5437 Veterinary Park,San Antonio,TX,78201,(714) 569-5625,contact@valleyvet99.com,True,4.5,88,False,9AM-5PM,Orthopedics,VETTX42550,2025-12-22T21:19:28.817755
15846dea-0ce8-47d2-b986-00a7a4d82878,Meadow Animal Hospital,General Practice,5869 Animal Plaza,Philadelphia,PA,19101,(267) 352-2489,contact@sunrisevet11.com,True,3.6,64,False,7AM-9PM,Surgery,VETPA63884,2025-12-22T21:19:28.817764
e0a1ff77-17ec-4a53-9b73-980eef366315,Pet Animal Medical Center,Emergency Hospital,4951 Healthcare Park,Detroit,MI,48201,(430) 270-8736,contact@sunsetvet12.com,True,4.7,484,False,8AM-6PM,Surgery,VETMI69315,2025-12-22T21:19:28.817771
e4ef5f6e-63f4-4c51-a64c-ce1b1f896c44,Central Veterinary Clinic,Specialty Clinic,1318 Healthcare Plaza,Denver,CO,80201,(214) 255-9947,contact@sunsetvet89.com,True,3.5,148,True,9AM-5PM,Orthopedics,VETCO36798,2025-12-22T21:19:28.817781
7acb0237-e595-4140-8086-b4fe24963ce5,Pet Veterinary Clinic,Mobile Vet,8007 Healthcare Center,Philadelphia,PA,19101,(299) 366-5671,contact@companionvet94.com,True,4.1,408,False,7AM-9PM,Dermatology,VETPA89228,2025-12-22T21:19:28.817789
6fee5e76-c69e-490f-9741-a3e0dbcc38b6,Central Animal Care,Specialty Clinic,7629 Animal Drive,Philadelphia,PA,19101,(487) 898-5700,contact@valleyvet54.com,True,3.9,203,True,9AM-5PM,Cardiology,VETPA77505,2025-12-22T21:19:28.817797
7e318068-721d-4f59-8f69-89d879cd187c,Family Veterinary Hospital,General Practice,4386 Medical Drive,Charlotte,NC,28201,(251) 929-8493,contact@metrovet93.com,True,3.6,389,False,8AM-6PM,Surgery,VETNC11672,2025-12-22T21:19:28.817805
305c1052-eea5-4d04-9f1c-039862287c86,Family Pet Clinic,Mobile Vet,1806 Medical Drive,San Jose,CA,95101,(486) 282-5556,contact@meadowvet79.com,True,3.7,367,True,8AM-6PM,Orthopedics,VETCA16996,2025-12-22T21:19:28.817812
ef50cbad-482c-40e1-827b-a83d6ce400de,Sunset Vet Center,Emergency Hospital,6948 Veterinary Plaza,San Diego,CA,92101,(587) 333-5312,contact@sunrisevet85.com,True,4.3,403,False,24/7,Orthopedics,VETCA71208,2025-12-22T21:19:28.817820
38c75363-8484-4083-8b82-046c8d9b03a0,Sunrise Pet Hospital,General Practice,7311 Medical Drive,Austin,TX,78701,(454) 929-5384,contact@sunrisevet99.com,False,4.9,451,False,7AM-9PM,Dermatology,VETTX61458,2025-12-22T21:19:28.817827
c58dc0a2-6f3a-4ce3-8a0b-77e3d2bd3205,Companion Animal Hospital,Mobile Vet,1767 Animal Plaza,Nashville,TN,37201,(787) 371-5207,contact@companionvet48.com,True,4.5,393,True,9AM-5PM,,VETTN84526,2025-12-22T21:19:28.817834
6658fcc6-1bc3-4f04-ae4e-9bc7b66a48d6,Animal Animal Care,General Practice,3695 Animal Park,Los Angeles,CA,90001,(414) 706-4417,contact@cityvet94.com,True,4.9,42,False,7AM-9PM,Oncology,VETCA78154,2025-12-22T21:19:28.817842
e03d1386-78ab-4abb-806f-c183781f7056,Sunset Animal Medical Center,Mobile Vet,8376 Animal Plaza,Houston,TX,77001,(502) 265-7170,contact@meadowvet82.com,True,3.7,320,True,9AM-5PM,,VETTX46332,2025-12-22T21:19:28.817849
1e58b3b6-63b0-4ed1-b826-9ea8d508bd1c,Family Veterinary Clinic,Emergency Hospital,5129 Healthcare Drive,Denver,CO,80201,(354) 287-2370,contact@animalvet3.com,True,4.8,309,True,7AM-9PM,Dermatology,VETCO99493,2025-12-22T21:19:28.817857
f3858373-0e25-4e05-9dc9-2899600a9fb8,Companion Pet Hospital,Mobile Vet,4732 Veterinary Drive,Austin,TX,78701,(730) 468-7308,contact@companionvet30.com,False,4.1,61,True,8AM-6PM,,VETTX75515,2025-12-22T21:19:28.817866
fbae75d9-79f8-4b81-8da2-063987ba5909,Central Animal Hospital,Specialty Clinic,4844 Animal Park,Nashville,TN,37201,(254) 951-5504,contact@premiervet34.com,False,3.6,288,False,8AM-6PM,,VETTN37145,2025-12-22T21:19:28.817874
e558c972-76a7-457e-a04b-7438a443381e,Family Animal Hospital,General Practice,913 Veterinary Park,Miami,FL,33101,(662) 631-1534,contact@sunrisevet48.com,True,3.8,340,False,9AM-5PM,Orthopedics,VETFL23770,2025-12-22T21:19:28.817884
ea482081-d2e5-430c-8e84-1f56018c359f,Premier Pet Hospital,Specialty Clinic,3300 Veterinary Center,Philadelphia,PA,19101,(780) 862-4990,contact@animalvet31.com,True,3.7,122,False,9AM-5PM,Surgery,VETPA81945,2025-12-22T21:19:28.817891
6af7ce74-0186-4811-9b65-91e4815787a6,Meadow Pet Hospital,General Practice,3869 Animal Drive,Dallas,TX,75201,(779) 836-3326,contact@sunsetvet44.com,True,4.1,238,False,7AM-9PM,Surgery,VETTX80715,2025-12-22T21:19:28.817900
525e12e3-44fc-42af-ab23-52e8b90fe242,Companion Animal Medical Center,Emergency Hospital,6402 Animal Center,Nashville,TN,37201,(622) 364-8423,contact@familyvet83.com,False,4.2,281,True,24/7,Oncology,VETTN75719,2025-12-22T21:19:28.817907
1986d953-2611-4a54-9947-05f6d00ab080,River Animal Care,General Practice,2643 Animal Park,Nashville,TN,37201,(532) 954-1762,contact@meadowvet64.com,True,3.9,301,True,9AM-5PM,Orthopedics,VETTN55239,2025-12-22T21:19:28.817914
f7d00193-0843-44ec-bbac-86572573eafc,River Vet Center,Mobile Vet,4299 Medical Drive,Philadelphia,PA,19101,(422) 414-8080,contact@petvet55.com,True,4.7,63,True,8AM-6PM,Dermatology,VETPA99361,2025-12-22T21:19:28.817924
81cd1720-1517-4aca-b4b7-2f0a0eea4341,Animal Veterinary Clinic,Specialty Clinic,7123 Animal Plaza,Atlanta,GA,30301,(614) 751-4529,contact@oakvet70.com,False,4.7,188,False,7AM-9PM,Orthopedics,VETGA71790,2025-12-22T21:19:28.817933
8d60eac9-d5a3-425f-872e-60113ee5778c,Companion Animal Hospital,Mobile Vet,2352 Veterinary Plaza,Seattle,WA,98101,(698) 861-1124,contact@sunsetvet12.com,True,4.0,291,True,7AM-9PM,Cardiology,VETWA72406,2025-12-22T21:19:28.817944
9cb7881d-a61a-4b64-a571-379f62fd672f,Animal Veterinary Clinic,General Practice,6748 Healthcare Plaza,Nashville,TN,37201,(930) 641-6613,contact@rivervet24.com,True,4.1,304,False,7AM-9PM,Orthopedics,VETTN65105,2025-12-22T21:19:28.817954
68925379-05f6-4943-82b3-5048c22c9d55,Premier Veterinary Hospital,Specialty Clinic,7582 Animal Center,Portland,OR,97201,(525) 351-5317,contact@companionvet99.com,True,4.0,490,True,7AM-9PM,Surgery,VETOR77550,2025-12-22T21:19:28.817961
d66cedc5-5b5c-4090-8990-c1d5db91c5f1,Central Animal Medical Center,Emergency Hospital,8669 Animal Park,Houston,TX,77001,(622) 998-3615,contact@rivervet48.com,True,4.6,457,True,7AM-9PM,Dermatology,VETTX28420,2025-12-22T21:19:28.817969
49016576-c6fc-4260-b3ca-3e85c71ca294,Metro Veterinary Hospital,General Practice,8064 Veterinary Plaza,Miami,FL,33101,(414) 368-4315,contact@meadowvet56.com,True,5.0,423,True,24/7,,VETFL36291,2025-12-22T21:19:28.817977
6672aa3b-2f9a-47df-a9cc-7a33f9f21dde,Valley Veterinary Clinic,Emergency Hospital,9433 Veterinary Park,Austin,TX,78701,(772) 224-4593,contact@companionvet90.com,True,4.7,144,True,8AM-6PM,Dermatology,VETTX57047,2025-12-22T21:19:28.817986
41b6a31f-f87c-4174-a28e-91eedb815468,Pet Veterinary Clinic,Emergency Hospital,9941 Healthcare Center,Detroit,MI,48201,(300) 666-2138,contact@sunsetvet41.com,True,4.7,246,True,24/7,Surgery,VETMI44941,2025-12-22T21:19:28.817993
9fa24420-133e-4fed-867d-98ac49d3ccdb,Companion Animal Medical Center,Mobile Vet,2097 Medical Drive,Denver,CO,80201,(614) 468-6687,contact@valleyvet87.com,True,4.8,259,True,8AM-6PM,,VETCO59436,2025-12-22T21:19:28.818001
6c924481-04a7-4a0e-9b16-43219d3b6376,Metro Animal Care,Specialty Clinic,1642 Healthcare Drive,San Diego,CA,92101,(601) 455-4798,contact@oakvet16.com,True,3.5,472,False,9AM-5PM,,VETCA12663,2025-12-22T21:19:28.818009
a24b6a08-3903-4940-ac12-274a7d7d813f,Meadow Animal Medical Center,Mobile Vet,485 Veterinary Center,Boston,MA,02101,(950) 831-8708,contact@sunrisevet33.com,True,3.7,141,True,9AM-5PM,Orthopedics,VETMA89155,2025-12-22T21:19:28.818016
0959ef67-fba9-4471-8760-af9eeb696f6e,Valley Veterinary Clinic,Specialty Clinic,4188 Healthcare Plaza,Seattle,WA,98101,(562) 487-5429,contact@companionvet16.com,True,4.6,296,True,9AM-5PM,Orthopedics,VETWA64222,2025-12-22T21:19:28.818024
9f2a2769-89c2-41e7-9110-2ed720d1d759,River Veterinary Clinic,Mobile Vet,4112 Medical Plaza,Jacksonville,FL,32099,(319) 943-7393,contact@oakvet4.com,True,3.9,143,True,9AM-5PM,Dermatology,VETFL57790,2025-12-22T21:19:28.818034
7ef692ac-54c7-47b9-b378-16237193d561,Companion Animal Hospital,Emergency Hospital,5065 Healthcare Park,Fort Worth,TX,76101,(821) 759-9319,contact@petvet79.com,False,4.3,193,False,9AM-5PM,Orthopedics,VETTX97056,2025-12-22T21:19:28.818042
fecbb593-1602-434f-9a3d-0c46e3b7798d,Sunrise Veterinary Hospital,General Practice,3443 Medical Drive,San Jose,CA,95101,(659) 390-7247,contact@familyvet53.com,False,4.7,487,True,7AM-9PM,Cardiology,VETCA65603,2025-12-22T21:19:28.818049
69658e12-432b-4c37-893d-cf676cd41ca1,Metro Animal Care,General Practice,762 Animal Drive,Miami,FL,33101,(521) 816-3286,contact@cityvet97.com,True,4.1,10,True,9AM-5PM,Surgery,VETFL61616,2025-12-22T21:19:28.818057
a6112a5b-9202-466f-b531-e1fb69684a9b,Mountain Animal Care,Emergency Hospital,7103 Medical Park,Portland,OR,97201,(603) 606-1661,contact@valleyvet69.com,True,4.4,208,True,24/7,Surgery,VETOR34730,2025-12-22T21:19:28.818064
b91ef462-7c31-4d3f-af03-56d417bb847c,Animal Animal Hospital,Emergency Hospital,9000 Medical Plaza,Chicago,IL,60601,(568) 412-3656,contact@cityvet80.com,True,4.2,419,False,8AM-6PM,Oncology,VETIL69595,2025-12-22T21:19:28.818075
83f22aa0-2e3c-40c5-9715-8e8f8c972e4c,City Veterinary Clinic,Emergency Hospital,8382 Medical Drive,San Antonio,TX,78201,(916) 657-7200,contact@sunrisevet23.com,True,4.9,497,True,9AM-5PM,Surgery,VETTX69818,2025-12-22T21:19:28.818083
165c5fc4-9384-43fc-8c66-a19d18c0126e,River Animal Care,Specialty Clinic,9927 Animal Drive,Los Angeles,CA,90001,(883) 894-9915,contact@metrovet32.com,True,4.6,491,True,9AM-5PM,Surgery,VETCA74341,2025-12-22T21:19:28.818105
afc477eb-be58-4daf-b61b-28085ba50ce2,River Animal Care,General Practice,4027 Animal Drive,Los Angeles,CA,90001,(912) 498-8729,contact@familyvet31.com,True,4.6,325,False,9AM-5PM,Oncology,VETCA77905,2025-12-22T21:19:28.818113
af9dfc74-fda9-4f90-9fa2-fee1dc382083,Companion Animal Medical Center,Emergency Hospital,6488 Healthcare Park,Los Angeles,CA,90001,(917) 311-9060,contact@familyvet59.com,True,4.9,137,True,7AM-9PM,Surgery,VETCA54203,2025-12-22T21:19:28.818121
26c4321c-2dd3-4e02-9480-fd129bb87ee9,Sunrise Pet Hospital,Specialty Clinic,5968 Veterinary Plaza,San Diego,CA,92101,(398) 514-3021,contact@mountainvet71.com,False,4.2,117,True,9AM-5PM,Dermatology,VETCA22252,2025-12-22T21:19:28.818131
b7253a3b-6c8d-4cae-bd48-b01a0b484a23,Oak Vet Center,Mobile Vet,814 Medical Park,Miami,FL,33101,(621) 537-7873,contact@premiervet84.com,True,4.1,264,False,24/7,Dermatology,VETFL63307,2025-12-22T21:19:28.818138
6c564dc5-1746-4c0e-8bdb-34de8524d127,Sunrise Animal Hospital,General Practice,1371 Veterinary Park,Fort Worth,TX,76101,(961) 329-7811,contact@rivervet90.com,False,3.8,328,False,7AM-9PM,Oncology,VETTX79046,2025-12-22T21:19:28.818146
f3000800-74bb-466a-8302-2fa5e6fddd3e,Premier Animal Hospital,Specialty Clinic,9244 Veterinary Plaza,San Diego,CA,92101,(816) 248-2900,contact@oakvet71.com,True,3.8,286,False,24/7,Orthopedics,VETCA77621,2025-12-22T21:19:28.818155
75460fb1-3792-4f70-9bc5-74c616ae764c,Family Veterinary Clinic,Specialty Clinic,8304 Healthcare Plaza,Seattle,WA,98101,(222) 296-4388,contact@centralvet69.com,True,3.7,461,False,9AM-5PM,,VETWA27649,2025-12-22T21:19:28.818162
9a11ab05-e305-495c-899c-1bfd70671215,Valley Pet Hospital,Emergency Hospital,1512 Medical Center,New York,NY,10001,(478) 626-3996,contact@metrovet3.com,True,4.3,65,False,24/7,Surgery,VETNY40056,2025-12-22T21:19:28.818170
2a7adfc6-c4e0-4cd6-8503-92d369e2df71,Sunset Pet Clinic,Specialty Clinic,2285 Medical Center,Fort Worth,TX,76101,(816) 230-1952,contact@sunsetvet46.com,True,4.7,399,False,8AM-6PM,,VETTX89666,2025-12-22T21:19:28.818177
c19596aa-99ed-4149-a401-d4c6e8210881,Sunrise Veterinary Hospital,General Practice,5760 Animal Drive,Dallas,TX,75201,(988) 385-8397,contact@animalvet41.com,False,4.6,19,True,8AM-6PM,Surgery,VETTX19565,2025-12-22T21:19:28.818185
f15d35ea-9dc7-43b6-b1e9-28d2e5709d4a,Animal Vet Center,Specialty Clinic,9728 Veterinary Drive,Charlotte,NC,28201,(220) 685-5489,contact@animalvet20.com,False,3.8,217,False,7AM-9PM,,VETNC15889,2025-12-22T21:19:28.818192
48012f08-7382-4eeb-8ee4-cad0c7937a7a,River Animal Care,Specialty Clinic,4955 Veterinary Park,San Antonio,TX,78201,(307) 678-2757,contact@centralvet50.com,True,4.1,417,False,24/7,,VETTX35866,2025-12-22T21:19:28.818203
b4d2958e-2ca6-42c7-a6fa-07ecb43161e0,Meadow Pet Clinic,Mobile Vet,4139 Healthcare Drive,New York,NY,10001,(281) 982-3697,contact@valleyvet29.com,False,4.6,37,True,7AM-9PM,Surgery,VETNY98974,2025-12-22T21:19:28.818214
b0a7fac4-b1a6-40ed-a62b-41599d158baa,Animal Animal Medical Center,Emergency Hospital,3830 Medical Plaza,Las Vegas,NV,89101,(556) 234-9256,contact@metrovet1.com,True,3.5,331,False,9AM-5PM,Orthopedics,VETNV69267,2025-12-22T21:19:28.818222
bd99cb0b-164c-40c0-bed9-673f0a8d1c25,Metro Veterinary Hospital,General Practice,4872 Veterinary Park,Philadelphia,PA,19101,(569) 937-2485,contact@petvet54.com,True,4.2,371,True,9AM-5PM,Surgery,VETPA36657,2025-12-22T21:19:28.818230
28ec255b-1d18-4bfa-afec-72db76ac3c1d,Meadow Animal Medical Center,General Practice,7159 Medical Park,Portland,OR,97201,(616) 420-6708,contact@petvet1.com,False,4.4,423,False,7AM-9PM,Cardiology,VETOR11734,2025-12-22T21:19:28.818238
d6aed15a-0d00-4f8c-9713-3fb037b65029,Metro Veterinary Clinic,Emergency Hospital,7569 Animal Park,Austin,TX,78701,(719) 951-1664,contact@centralvet7.com,False,3.9,134,False,24/7,Oncology,VETTX40828,2025-12-22T21:19:28.818245
6fcfa3b8-2eb6-4de7-b1b9-e0fe49b2010d,Oak Pet Clinic,Emergency Hospital,5912 Healthcare Center,Boston,MA,02101,(265) 460-9933,contact@petvet84.com,False,4.7,363,True,24/7,Cardiology,VETMA54583,2025-12-22T21:19:28.818252
52720591-2afc-48ba-9d53-b09c20dd434b,Companion Pet Clinic,Emergency Hospital,9366 Veterinary Center,Detroit,MI,48201,(882) 884-3618,contact@valleyvet16.com,False,3.9,186,False,7AM-9PM,Oncology,VETMI49693,2025-12-22T21:19:28.818261
a29d9882-e7a0-4913-ae8d-65a19d3c2a5b,Metro Pet Clinic,General Practice,8764 Animal Drive,San Jose,CA,95101,(489) 504-6439,contact@centralvet60.com,True,4.3,232,True,8AM-6PM,Surgery,VETCA64360,2025-12-22T21:19:28.818268
efff055f-93ff-497f-ab67-013d621e4362,Animal Pet Clinic,General Practice,5607 Veterinary Center,Boston,MA,02101,(682) 402-8411,contact@animalvet80.com,True,4.2,404,False,9AM-5PM,Dermatology,VETMA42962,2025-12-22T21:19:28.818276
bdc9299a-2f5f-4929-be11-a87068ae3135,Sunset Pet Clinic,General Practice,3831 Veterinary Park,Jacksonville,FL,32099,(603) 578-7890,contact@sunrisevet41.com,False,4.7,414,True,24/7,,VETFL85267,2025-12-22T21:19:28.818284
6fde8c0e-e7d2-41a7-b81a-a0284503f968,Mountain Veterinary Clinic,General Practice,1477 Animal Plaza,New York,NY,10001,(327) 984-2820,contact@rivervet5.com,False,4.2,218,False,7AM-9PM,Dermatology,VETNY79738,2025-12-22T21:19:28.818294
52d08ad6-4bae-4dac-be9d-46376c0491f0,City Animal Medical Center,Emergency Hospital,2449 Medical Center,Jacksonville,FL,32099,(270) 262-9414,contact@valleyvet61.com,True,4.5,267,False,9AM-5PM,,VETFL25685,2025-12-22T21:19:28.818302
95965ba9-8623-4363-8822-950ef4567d16,Companion Veterinary Hospital,Mobile Vet,2829 Healthcare Center,Los Angeles,CA,90001,(208) 453-3926,contact@meadowvet9.com,False,4.0,444,True,7AM-9PM,Oncology,VETCA35085,2025-12-22T21:19:28.818309
240f200d-291e-475e-9838-b36205d724d1,Pet Pet Hospital,General Practice,6977 Animal Plaza,Fort Worth,TX,76101,(946) 811-4173,contact@animalvet58.com,True,4.7,28,True,7AM-9PM,Orthopedics,VETTX43387,2025-12-22T21:19:28.818319
92ed561f-c379-41f1-bc17-f3fbf69c54b5,Central Pet Hospital,General Practice,1531 Veterinary Center,San Jose,CA,95101,(409) 671-4179,contact@cityvet3.com,False,3.7,401,True,24/7,Cardiology,VETCA49482,2025-12-22T21:19:28.818327
79c4a61a-0d09-4f01-8ec8-f3cbc8a6b0a8,Valley Animal Hospital,Specialty Clinic,3054 Animal Plaza,Seattle,WA,98101,(858) 366-3374,contact@familyvet12.com,True,4.1,22,False,9AM-5PM,Dermatology,VETWA20817,2025-12-22T21:19:28.818334
675077b4-4bf9-465a-82d0-64c3ecff3e20,Valley Animal Medical Center,Mobile Vet,9579 Animal Park,Detroit,MI,48201,(861) 330-4358,contact@premiervet8.com,True,3.5,27,True,7AM-9PM,Dermatology,VETMI31333,2025-12-22T21:19:28.818341
58e04f51-8ced-4649-92d9-d0cb8b17e2fe,River Animal Hospital,Emergency Hospital,5462 Veterinary Plaza,Miami,FL,33101,(723) 370-6541,contact@cityvet86.com,True,4.3,244,False,24/7,Surgery,VETFL28769,2025-12-22T21:19:28.818348
bed45276-ec8d-4948-8a47-2b1d8312048b,Oak Pet Hospital,Mobile Vet,1086 Animal Center,Denver,CO,80201,(227) 905-5115,contact@sunrisevet20.com,True,4.4,91,False,8AM-6PM,Orthopedics,VETCO95417,2025-12-22T21:19:28.818355
a09aff0c-d0ae-4306-a953-da65f2af10ac,Meadow Animal Care,Mobile Vet,2618 Veterinary Park,Seattle,WA,98101,(727) 989-2403,contact@valleyvet71.com,False,4.1,266,True,24/7,,VETWA85055,2025-12-22T21:19:28.818362
1dea67ea-06ad-40bc-8c86-83160a74daa7,Oak Animal Medical Center,General Practice,7713 Healthcare Drive,Portland,OR,97201,(464) 260-1625,contact@centralvet59.com,True,4.8,181,True,24/7,Cardiology,VETOR52514,2025-12-22T21:19:28.818371
d20e214a-3d07-4df7-b37a-07c98dd8ac04,Valley Pet Hospital,General Practice,8415 Veterinary Plaza,Dallas,TX,75201,(607) 765-1785,contact@sunsetvet33.com,False,3.6,453,False,9AM-5PM,Orthopedics,VETTX74966,2025-12-22T21:19:28.818378
7842eace-3887-4b0a-8fe8-0add264a8221,Oak Veterinary Clinic,General Practice,4073 Veterinary Park,San Jose,CA,95101,(416) 504-6554,contact@mountainvet86.com,True,4.0,333,True,8AM-6PM,Oncology,VETCA83239,2025-12-22T21:19:28.818386
9046a789-d1c1-42a1-b50a-86cc8bdd0a49,Companion Veterinary Clinic,Specialty Clinic,9232 Healthcare Park,San Antonio,TX,78201,(650) 332-7365,contact@petvet67.com,True,3.7,180,False,8AM-6PM,Dermatology,VETTX99598,2025-12-22T21:19:28.818393
151353c6-63bb-4697-b758-f6a7eeade4c9,Central Pet Clinic,Mobile Vet,8025 Medical Plaza,Boston,MA,02101,(810) 228-3398,contact@centralvet8.com,False,4.5,79,False,7AM-9PM,,VETMA28963,2025-12-22T21:19:28.818400
71508307-0ba6-4761-82a2-04abd6e871ef,Animal Animal Care,Specialty Clinic,4554 Medical Center,Columbus,OH,43085,(205) 759-5030,contact@petvet4.com,True,4.1,28,True,7AM-9PM,Oncology,VETOH19319,2025-12-22T21:19:28.818407
b0083dcc-721f-4755-b164-81683ce24736,Valley Animal Care,Emergency Hospital,4701 Animal Center,New York,NY,10001,(898) 629-7775,contact@petvet19.com,False,4.4,254,True,24/7,Orthopedics,VETNY25445,2025-12-22T21:19:28.818416
a3f3f413-3424-4c81-87c4-58da9a079d88,Sunrise Animal Medical Center,Mobile Vet,4522 Healthcare Plaza,Atlanta,GA,30301,(563) 309-3567,contact@animalvet12.com,False,4.2,237,False,24/7,Surgery,VETGA74252,2025-12-22T21:19:28.818424
dc65cedf-16b9-44a6-b270-b44d524cda87,Central Pet Hospital,Specialty Clinic,7924 Medical Drive,Columbus,OH,43085,(813) 384-1636,contact@meadowvet68.com,False,3.9,456,True,8AM-6PM,Oncology,VETOH91922,2025-12-22T21:19:28.818430
a88d5d7d-1543-45e0-8e3d-6be14c019bf3,Animal Animal Care,Mobile Vet,9948 Healthcare Drive,Atlanta,GA,30301,(600) 561-8481,contact@animalvet50.com,False,4.5,287,True,7AM-9PM,Surgery,VETGA47647,2025-12-22T21:19:28.818438
411176e2-b08a-47cc-9886-def43acf6bfc,Sunrise Animal Hospital,General Practice,6961 Veterinary Park,Houston,TX,77001,(415) 634-7168,contact@animalvet25.com,False,4.6,196,True,24/7,Cardiology,VETTX98555,2025-12-22T21:19:28.818446
1a20aab0-ebf0-4d61-a873-1409c9c428e0,Metro Animal Medical Center,Specialty Clinic,3496 Healthcare Drive,Atlanta,GA,30301,(696) 569-5656,contact@meadowvet42.com,True,4.0,441,False,7AM-9PM,Cardiology,VETGA38880,2025-12-22T21:19:28.818456
14ede363-09ab-437e-a37d-a5f4fdab2232,Oak Veterinary Hospital,General Practice,2418 Animal Drive,Los Angeles,CA,90001,(649) 385-1958,contact@sunsetvet73.com,True,4.4,347,False,24/7,Orthopedics,VETCA90322,2025-12-22T21:19:28.818464
0075bd7a-c5c5-43bd-9d71-effb6498778e,Valley Animal Care,Specialty Clinic,3269 Medical Park,Detroit,MI,48201,(893) 246-5766,contact@familyvet95.com,True,4.2,232,True,24/7,Surgery,VETMI57017,2025-12-22T21:19:28.818472
1225e26c-6c2b-40f3-859b-f41ae100c02c,Valley Animal Hospital,Specialty Clinic,7867 Medical Park,Phoenix,AZ,85001,(262) 316-9978,contact@familyvet32.com,False,4.2,476,True,24/7,Cardiology,VETAZ22284,2025-12-22T21:19:28.818480
1e17b28b-583c-4693-adee-19963220fc83,Metro Animal Medical Center,Emergency Hospital,3411 Animal Drive,Charlotte,NC,28201,(319) 454-9448,contact@mountainvet55.com,True,4.0,283,True,9AM-5PM,,VETNC71936,2025-12-22T21:19:28.818498
50123fa5-0855-4ea8-913a-41dec3ef6505,Pet Veterinary Hospital,Emergency Hospital,533 Veterinary Park,Austin,TX,78701,(400) 783-5433,contact@animalvet100.com,False,3.8,396,True,8AM-6PM,Surgery,VETTX45163,2025-12-22T21:19:28.818507
15b5ad8c-b136-448f-a40b-f3a2514ccf20,Oak Animal Hospital,Specialty Clinic,3163 Veterinary Park,San Jose,CA,95101,(809) 226-4716,contact@sunrisevet55.com,True,5.0,105,False,7AM-9PM,Dermatology,VETCA28628,2025-12-22T21:19:28.818514
352f1f68-9050-4adf-81f8-f5e8cd352dc8,Family Pet Hospital,Emergency Hospital,6725 Animal Park,Detroit,MI,48201,(323) 759-4722,contact@sunrisevet69.com,False,4.6,28,True,7AM-9PM,Surgery,VETMI68617,2025-12-22T21:19:28.818523
b7ec798c-df9d-4a9d-a041-a455f3d74e34,Sunrise Animal Medical Center,Emergency Hospital,4984 Veterinary Drive,Jacksonville,FL,32099,(409) 998-2935,contact@familyvet89.com,False,4.2,239,True,7AM-9PM,Oncology,VETFL68830,2025-12-22T21:19:28.818531
480782fd-4d53-4385-9b24-a1390fbe62aa,Sunset Pet Hospital,Mobile Vet,6302 Medical Plaza,Denver,CO,80201,(673) 860-7339,contact@oakvet10.com,False,4.3,87,False,7AM-9PM,Dermatology,VETCO70170,2025-12-22T21:19:28.818540
b81bcadc-f430-4178-97c6-e2f3261e72b6,Valley Animal Care,Emergency Hospital,6423 Veterinary Plaza,Fort Worth,TX,76101,(860) 819-8853,contact@animalvet100.com,False,5.0,169,True,7AM-9PM,Cardiology,VETTX34373,2025-12-22T21:19:28.818548
7eea2f71-3f19-4edb-a202-b7c29e8a496c,Mountain Veterinary Hospital,General Practice,4222 Medical Center,San Antonio,TX,78201,(516) 754-2944,contact@companionvet3.com,True,4.9,28,False,7AM-9PM,,VETTX19474,2025-12-22T21:19:28.818555
05609985-feaa-4831-840a-7bf7749fdf25,River Animal Medical Center,General Practice,6828 Healthcare Plaza,Los Angeles,CA,90001,(532) 446-7503,contact@mountainvet33.com,False,4.2,137,True,24/7,,VETCA76776,2025-12-22T21:19:28.818562
d46967a9-ec3e-47d4-b73a-97f27050ae67,Pet Pet Hospital,Mobile Vet,9903 Animal Park,New York,NY,10001,(206) 340-8897,contact@cityvet30.com,False,3.8,149,True,24/7,,VETNY65849,2025-12-22T21:19:28.818570
c3f3f064-dd5f-4c46-91ab-a984f1439189,Companion Animal Hospital,Mobile Vet,4965 Healthcare Park,Atlanta,GA,30301,(349) 203-2248,contact@animalvet46.com,True,3.6,340,False,7AM-9PM,Surgery,VETGA63627,2025-12-22T21:19:28.818578
2d0f2973-4249-4b0f-a6b0-171cf71ac2df,Valley Animal Hospital,Emergency Hospital,1153 Veterinary Plaza,Las Vegas,NV,89101,(615) 930-7244,contact@cityvet46.com,True,3.8,48,True,9AM-5PM,Dermatology,VETNV26637,2025-12-22T21:19:28.818585
029c110c-4d29-4ca6-a9a2-873485d7652e,Pet Animal Hospital,Specialty Clinic,9091 Medical Center,Portland,OR,97201,(967) 932-2350,contact@valleyvet30.com,True,4.9,19,True,8AM-6PM,Dermatology,VETOR83345,2025-12-22T21:19:28.818596
35e617b4-9166-4fd8-b40a-e1221cb1478c,Sunrise Veterinary Hospital,Specialty Clinic,6702 Healthcare Center,Las Vegas,NV,89101,(301) 906-9935,contact@valleyvet32.com,True,3.5,89,False,24/7,,VETNV29264,2025-12-22T21:19:28.818604
ab664c94-e23b-447e-b721-26341d30187c,Valley Pet Clinic,Specialty Clinic,2711 Animal Drive,Detroit,MI,48201,(505) 868-1674,contact@cityvet72.com,False,4.6,300,True,7AM-9PM,,VETMI60480,2025-12-22T21:19:28.818614
f39ad587-39c3-47e6-a035-8b48a4cf7937,Central Veterinary Hospital,Mobile Vet,9727 Animal Center,Atlanta,GA,30301,(845) 861-3351,contact@animalvet70.com,True,3.8,333,True,24/7,Surgery,VETGA13114,2025-12-22T21:19:28.818624
39bc7dfc-dc0b-4a16-a43d-b332d465097b,Family Veterinary Hospital,General Practice,3157 Animal Park,Chicago,IL,60601,(676) 666-9377,contact@oakvet33.com,True,3.8,282,True,8AM-6PM,,VETIL75481,2025-12-22T21:19:28.818635
1a13d9fc-bef4-4898-834b-35d75d247b76,Animal Vet Center,Emergency Hospital,8308 Medical Park,Dallas,TX,75201,(271) 818-6352,contact@metrovet90.com,True,4.2,140,True,8AM-6PM,Cardiology,VETTX47025,2025-12-22T21:19:28.818644
27c4a44f-dcd4-4510-86f8-c7495b4a3bb5,Meadow Veterinary Hospital,Specialty Clinic,281 Medical Drive,Jacksonville,FL,32099,(951) 998-1693,contact@petvet56.com,True,4.9,189,False,7AM-9PM,Surgery,VETFL46237,2025-12-22T21:19:28.818652
f9b660ae-976f-46b3-b527-17d9fd6ae17d,Sunset Animal Hospital,Mobile Vet,5781 Medical Center,Fort Worth,TX,76101,(903) 389-7944,contact@valleyvet43.com,True,5.0,310,False,8AM-6PM,Cardiology,VETTX84987,2025-12-22T21:19:28.818660
36e2c929-f6fa-4a96-acf1-626256eebf77,Oak Veterinary Hospital,Mobile Vet,8668 Animal Center,Charlotte,NC,28201,(854) 729-3506,contact@rivervet86.com,True,4.9,470,False,24/7,Cardiology,VETNC79775,2025-12-22T21:19:28.818667
caf78584-cea2-4028-a0be-4f8f331920d3,Valley Pet Clinic,Emergency Hospital,6601 Veterinary Plaza,Atlanta,GA,30301,(378) 870-3712,contact@sunrisevet79.com,True,4.2,39,True,7AM-9PM,,VETGA22174,2025-12-22T21:19:28.818675
920b358d-161a-4f63-92ab-beb69ccf5d1d,Metro Pet Hospital,Mobile Vet,6150 Veterinary Drive,San Antonio,TX,78201,(337) 278-2828,contact@metrovet57.com,True,4.9,325,False,9AM-5PM,Oncology,VETTX47369,2025-12-22T21:19:28.818684
7651e8f8-2301-4100-850d-951bca66f352,River Veterinary Clinic,Emergency Hospital,3305 Healthcare Center,San Jose,CA,95101,(543) 347-1072,contact@petvet61.com,False,4.0,177,True,9AM-5PM,Surgery,VETCA80924,2025-12-22T21:19:28.818693
39ba8486-d07d-421a-86fb-97f042349419,Oak Animal Care,Specialty Clinic,205 Animal Park,San Diego,CA,92101,(871) 782-7337,contact@oakvet44.com,True,4.8,306,True,24/7,Cardiology,VETCA60343,2025-12-22T21:19:28.818701
3aeba25f-14e3-4844-a4c1-63d1c2485763,Companion Veterinary Clinic,Mobile Vet,6600 Medical Plaza,Atlanta,GA,30301,(483) 324-2151,contact@cityvet56.com,True,4.3,18,True,7AM-9PM,,VETGA33730,2025-12-22T21:19:28.818710
3c03c039-d63b-49f1-9f4d-be7de458614b,City Veterinary Clinic,Emergency Hospital,7604 Veterinary Plaza,Fort Worth,TX,76101,(681) 376-2108,contact@sunrisevet83.com,True,3.8,128,False,8AM-6PM,Oncology,VETTX74142,2025-12-22T21:19:28.818717
d4e5f140-4335-4bbe-bcb2-fd7401b4a898,Premier Veterinary Hospital,Emergency Hospital,8504 Healthcare Center,Dallas,TX,75201,(426) 639-2772,contact@companionvet9.com,True,4.1,426,False,9AM-5PM,Dermatology,VETTX39093,2025-12-22T21:19:28.818726
00276093-81c8-4e2a-aee7-5ac7bdc0fdeb,City Vet Center,Emergency Hospital,4891 Medical Drive,Austin,TX,78701,(327) 733-2742,contact@cityvet93.com,False,4.4,330,False,9AM-5PM,Orthopedics,VETTX20294,2025-12-22T21:19:28.818737
d3f4fcff-b39e-401f-984a-2fe594f5bb2d,River Veterinary Hospital,Specialty Clinic,8628 Animal Park,San Antonio,TX,78201,(977) 762-8864,contact@centralvet80.com,True,3.9,328,False,9AM-5PM,Oncology,VETTX67863,2025-12-22T21:19:28.818744
cdffde74-b674-4bf9-8de6-ddc29fca12b1,Sunrise Animal Medical Center,Specialty Clinic,8542 Veterinary Drive,San Diego,CA,92101,(808) 384-5781,contact@animalvet87.com,True,3.8,404,True,24/7,Surgery,VETCA35602,2025-12-22T21:19:28.818754
302a911e-0144-49e4-b2c9-b476927f5b05,Metro Veterinary Clinic,Emergency Hospital,494 Veterinary Drive,Los Angeles,CA,90001,(983) 276-9277,contact@metrovet85.com,False,4.7,183,False,9AM-5PM,Oncology,VETCA24685,2025-12-22T21:19:28.818764
6c666100-7712-4d0b-adff-373778df1853,Valley Pet Hospital,General Practice,8991 Medical Park,San Jose,CA,95101,(738) 267-5976,contact@metrovet4.com,False,4.8,488,False,9AM-5PM,Surgery,VETCA91679,2025-12-22T21:19:28.818776
6e29fe91-ea23-4e4b-918f-62a703d74432,Valley Veterinary Clinic,Emergency Hospital,6052 Animal Drive,Columbus,OH,43085,(364) 442-4775,contact@sunrisevet96.com,True,4.4,367,True,7AM-9PM,Surgery,VETOH48525,2025-12-22T21:19:28.818783
ed7df5ef-c79e-4481-b29f-6248c5f705b3,River Vet Center,Mobile Vet,9197 Medical Plaza,San Jose,CA,95101,(455) 635-6986,contact@valleyvet26.com,True,3.5,75,True,9AM-5PM,,VETCA71149,2025-12-22T21:19:28.818791
10720f4e-2f19-4868-9a08-f4ddc3a1cc28,Sunset Vet Center,General Practice,1484 Animal Center,Houston,TX,77001,(462) 720-5556,contact@metrovet25.com,True,4.4,236,False,7AM-9PM,Orthopedics,VETTX98094,2025-12-22T21:19:28.818800
9169c601-ccc8-4b3a-8a99-f0fc65ab0aba,Family Vet Center,Mobile Vet,6088 Animal Park,Jacksonville,FL,32099,(784) 270-9131,contact@familyvet5.com,False,4.0,298,True,8AM-6PM,Surgery,VETFL60691,2025-12-22T21:19:28.818807
d7956cae-b9eb-43e4-867f-f271e0d1f3c2,Companion Animal Care,Emergency Hospital,1253 Veterinary Plaza,Miami,FL,33101,(750) 910-3155,contact@sunsetvet82.com,False,5.0,401,True,8AM-6PM,Cardiology,VETFL46541,2025-12-22T21:19:28.818816
f8a9056a-dcbe-448f-8147-82ffc7b047f4,Family Animal Medical Center,General Practice,8922 Medical Drive,Houston,TX,77001,(658) 237-3948,contact@cityvet40.com,True,3.9,107,False,8AM-6PM,Cardiology,VETTX55686,2025-12-22T21:19:28.818824
089bbd47-8546-4e66-a369-f4b3f2f65b63,Sunset Animal Care,Specialty Clinic,8486 Healthcare Plaza,New York,NY,10001,(651) 742-6090,contact@oakvet73.com,True,3.9,46,True,7AM-9PM,,VETNY93351,2025-12-22T21:19:28.818831
6719cded-f9cd-4bed-984b-fac7bda0cf76,Metro Animal Care,Emergency Hospital,2765 Healthcare Park,Jacksonville,FL,32099,(820) 344-5145,contact@valleyvet65.com,True,4.3,468,True,24/7,Oncology,VETFL51714,2025-12-22T21:19:28.818838
203a6293-1e66-4ab2-97d0-f3c7b84ca23f,Companion Animal Hospital,General Practice,4633 Healthcare Plaza,Atlanta,GA,30301,(614) 504-7741,contact@valleyvet5.com,True,3.9,25,True,7AM-9PM,Surgery,VETGA80459,2025-12-22T21:19:28.818846
fa7c707f-a2a3-4c82-a69b-0ad948b575a5,Companion Veterinary Hospital,Mobile Vet,4354 Veterinary Center,Nashville,TN,37201,(823) 421-9692,contact@mountainvet100.com,True,3.7,368,False,9AM-5PM,Surgery,VETTN40289,2025-12-22T21:19:28.818854
726a88a8-dac2-4abe-a6cf-0d20e37a28fa,Central Animal Care,Emergency Hospital,735 Healthcare Center,Seattle,WA,98101,(580) 427-2112,contact@animalvet41.com,True,5.0,358,False,7AM-9PM,Surgery,VETWA81625,2025-12-22T21:19:28.818863
1846aca6-fdbd-4a7b-9f2d-c3b361cb152b,Companion Veterinary Hospital,Mobile Vet,6003 Medical Center,Jacksonville,FL,32099,(585) 713-8400,contact@animalvet38.com,True,4.9,325,False,9AM-5PM,Dermatology,VETFL58545,2025-12-22T21:19:28.818870
feda9d29-480a-4ae5-b948-ca6a5a2a6adf,City Veterinary Clinic,Specialty Clinic,8043 Medical Drive,Jacksonville,FL,32099,(818) 460-6319,contact@valleyvet49.com,True,4.6,401,False,9AM-5PM,Cardiology,VETFL58276,2025-12-22T21:19:28.818879
1b4008ab-cfe2-46bd-af59-96e46e7efbd1,Meadow Animal Medical Center,Specialty Clinic,8795 Medical Plaza,Portland,OR,97201,(694) 473-6363,contact@sunrisevet47.com,True,4.1,474,False,9AM-5PM,Orthopedics,VETOR91049,2025-12-22T21:19:28.818886
7e759e56-b693-4770-be46-e9fe36b15f7a,Pet Vet Center,Specialty Clinic,1729 Veterinary Plaza,Chicago,IL,60601,(944) 401-5207,contact@metrovet50.com,True,4.0,456,False,7AM-9PM,Orthopedics,VETIL13100,2025-12-22T21:19:28.818893
c01ed8a8-e85d-467e-96d2-33966a7f21f5,Premier Pet Clinic,Specialty Clinic,677 Animal Drive,New York,NY,10001,(418) 243-9254,contact@metrovet50.com,True,3.9,270,False,9AM-5PM,Surgery,VETNY90760,2025-12-22T21:19:28.818901
e0c4c05c-029c-4220-b9e3-4ffab6ffbe88,Family Pet Clinic,Mobile Vet,3817 Animal Center,Houston,TX,77001,(626) 464-6930,contact@cityvet55.com,True,3.8,137,False,9AM-5PM,Cardiology,VETTX69989,2025-12-22T21:19:28.818908
f51492f9-ec45-45d9-ab8e-391743d0fe30,Valley Animal Hospital,Specialty Clinic,7027 Medical Center,Seattle,WA,98101,(713) 535-2891,contact@rivervet61.com,True,4.8,107,False,9AM-5PM,Dermatology,VETWA97856,2025-12-22T21:19:28.818915
a6d62992-3491-4f5c-86f4-f93818ab3b37,Sunset Vet Center,Mobile Vet,5808 Veterinary Drive,Houston,TX,77001,(235) 549-8090,contact@companionvet55.com,True,4.1,313,False,7AM-9PM,Oncology,VETTX77646,2025-12-22T21:19:28.818923
1dc11727-eea0-44e6-96fe-405fd92e38fd,Sunset Vet Center,Mobile Vet,1699 Animal Park,Denver,CO,80201,(832) 577-2389,contact@rivervet34.com,False,3.6,115,True,24/7,,VETCO68548,2025-12-22T21:19:28.818930
ce5a11a1-1270-49c1-8541-f45ecdc1af38,Pet Veterinary Hospital,Specialty Clinic,1245 Medical Plaza,San Jose,CA,95101,(696) 582-6115,contact@mountainvet62.com,True,5.0,387,True,7AM-9PM,Cardiology,VETCA23293,2025-12-22T21:19:28.818938
f4c2a46b-dd02-442c-9fc0-be4f7e8e5e50,River Veterinary Clinic,General Practice,5679 Medical Plaza,Denver,CO,80201,(270) 689-6192,contact@mountainvet14.com,True,4.2,232,True,24/7,,VETCO20749,2025-12-22T21:19:28.818945
c3f25f36-f579-4e62-89cd-f5284b022513,City Pet Clinic,Specialty Clinic,5003 Healthcare Plaza,Nashville,TN,37201,(993) 842-9388,contact@oakvet45.com,True,3.6,253,False,7AM-9PM,Surgery,VETTN40924,2025-12-22T21:19:28.818953
e3af1411-6f36-4c7f-9c34-4036bae86ded,Metro Pet Hospital,General Practice,6885 Veterinary Drive,Charlotte,NC,28201,(736) 697-5241,contact@cityvet15.com,True,4.5,495,False,8AM-6PM,Dermatology,VETNC72605,2025-12-22T21:19:28.818962
c130a366-89c4-47da-8dca-a98f36172f23,Mountain Pet Hospital,Mobile Vet,6979 Animal Center,Seattle,WA,98101,(286) 313-1946,contact@cityvet42.com,False,4.1,261,True,8AM-6PM,,VETWA72866,2025-12-22T21:19:28.818971
46fc9554-a0d1-447c-988c-3be669385d56,Metro Veterinary Clinic,General Practice,3636 Medical Plaza,New York,NY,10001,(255) 840-8294,contact@centralvet73.com,True,3.7,414,False,9AM-5PM,Oncology,VETNY30696,2025-12-22T21:19:28.818991
8fa827ad-c3f2-42dc-b893-0222eafb15e0,Oak Animal Care,Emergency Hospital,308 Medical Park,Philadelphia,PA,19101,(870) 996-2944,contact@petvet100.com,True,3.6,337,False,8AM-6PM,Surgery,VETPA15680,2025-12-22T21:19:28.819004
1f0d342e-6ae8-4429-9fc5-a055f775b719,Mountain Pet Hospital,Emergency Hospital,6763 Medical Drive,Seattle,WA,98101,(380) 788-8369,contact@familyvet71.com,True,4.8,332,False,8AM-6PM,,VETWA79142,2025-12-22T21:19:28.819012
9c710a18-7f8b-4d64-bc43-1bc7facac48c,City Pet Clinic,Specialty Clinic,8373 Healthcare Plaza,Dallas,TX,75201,(991) 568-5633,contact@metrovet52.com,True,3.6,346,True,9AM-5PM,,VETTX22354,2025-12-22T21:19:28.819020
b52f72a5-3cdc-4831-b9e8-6bad7bfc2bb2,Sunrise Pet Clinic,General Practice,2704 Medical Center,Chicago,IL,60601,(771) 368-1474,contact@familyvet37.com,False,3.9,430,False,8AM-6PM,Orthopedics,VETIL84718,2025-12-22T21:19:28.819028
c95c6ec9-5131-4806-a209-2480ecea1521,Valley Pet Clinic,Mobile Vet,3012 Healthcare Park,Fort Worth,TX,76101,(991) 895-3915,contact@animalvet71.com,False,4.6,153,False,8AM-6PM,Dermatology,VETTX23910,2025-12-22T21:19:28.819035
b1d0981a-5a40-44fc-b798-7043b5d700e1,Sunrise Animal Care,Emergency Hospital,5300 Animal Center,Portland,OR,97201,(476) 402-3371,contact@sunrisevet98.com,True,4.3,480,True,7AM-9PM,,VETOR74586,2025-12-22T21:19:28.819043
7dfff0e1-4cc1-428f-8fb0-102c83ac9f80,Companion Vet Center,Emergency Hospital,934 Healthcare Park,Nashville,TN,37201,(706) 527-3377,contact@rivervet95.com,False,4.2,484,True,24/7,Oncology,VETTN68333,2025-12-22T21:19:28.819053
ccc75b64-078a-40ef-9153-d058239cd5f7,River Animal Hospital,Mobile Vet,3300 Medical Drive,Dallas,TX,75201,(602) 414-4819,contact@metrovet2.com,True,4.2,302,False,7AM-9PM,Dermatology,VETTX21169,2025-12-22T21:19:28.819060
92fffadd-dd25-4570-aaeb-41f25c4b0c92,Central Animal Hospital,Specialty Clinic,4587 Animal Park,Jacksonville,FL,32099,(944) 212-3381,contact@premiervet4.com,True,3.9,450,True,8AM-6PM,,VETFL36274,2025-12-22T21:19:28.819068
507ea54f-c183-4c91-b8da-1845365446c3,Animal Veterinary Hospital,Specialty Clinic,6655 Animal Drive,Atlanta,GA,30301,(224) 632-7088,contact@familyvet9.com,True,3.8,406,False,9AM-5PM,Dermatology,VETGA92856,2025-12-22T21:19:28.819076
910c7958-aee2-4ac2-b3fa-14848a61b083,Metro Pet Clinic,Mobile Vet,1816 Medical Plaza,Las Vegas,NV,89101,(474) 751-7295,contact@sunrisevet42.com,True,4.5,356,False,8AM-6PM,Dermatology,VETNV20810,2025-12-22T21:19:28.819085
5e8034cb-4f20-4050-b208-6350e94ade25,Sunrise Animal Hospital,Emergency Hospital,5938 Animal Center,Austin,TX,78701,(257) 508-7182,contact@cityvet67.com,False,5.0,339,True,9AM-5PM,Cardiology,VETTX64951,2025-12-22T21:19:28.819092
19fa4843-6701-4b24-80b3-9c794e2c567a,Meadow Animal Medical Center,Specialty Clinic,7212 Healthcare Center,Chicago,IL,60601,(920) 778-6464,contact@familyvet61.com,True,3.7,440,False,8AM-6PM,,VETIL78133,2025-12-22T21:19:28.819099
972c5a6a-697a-4bb4-89bd-b46c4a9e2751,Valley Animal Hospital,Specialty Clinic,436 Medical Drive,Charlotte,NC,28201,(957) 907-7211,contact@metrovet39.com,True,4.4,402,True,7AM-9PM,Cardiology,VETNC13845,2025-12-22T21:19:28.819107
91c09dfa-2b4d-4ecd-a89e-24a2c00dbfc5,Oak Pet Clinic,General Practice,644 Healthcare Park,Atlanta,GA,30301,(901) 949-3305,contact@familyvet68.com,True,4.1,85,True,8AM-6PM,Cardiology,VETGA78622,2025-12-22T21:19:28.819114
3637ddaf-0729-4759-8ed4-0e60c9cdc53c,Premier Vet Center,Emergency Hospital,7350 Healthcare Park,Atlanta,GA,30301,(715) 529-5880,contact@animalvet6.com,True,4.2,408,False,9AM-5PM,Surgery,VETGA85828,2025-12-22T21:19:28.819121
c348b37c-03ef-4438-b252-238e93a87c05,Oak Animal Medical Center,Emergency Hospital,4603 Medical Center,Los Angeles,CA,90001,(831) 326-6284,contact@sunsetvet58.com,False,4.5,128,True,8AM-6PM,Surgery,VETCA49219,2025-12-22T21:19:28.819130
121aace2-a802-4c8c-b14b-1e6657ed6701,Mountain Pet Hospital,General Practice,1437 Veterinary Plaza,Denver,CO,80201,(604) 633-3727,contact@valleyvet88.com,False,4.8,27,True,8AM-6PM,Cardiology,VETCO48622,2025-12-22T21:19:28.819138
7e664754-d330-421c-b437-d32cf75e7c96,Central Animal Hospital,Mobile Vet,4652 Veterinary Park,Atlanta,GA,30301,(201) 323-4227,contact@sunsetvet78.com,False,4.4,173,True,24/7,,VETGA38005,2025-12-22T21:19:28.819145
0956a6d2-e09e-4c7d-abf1-1091c777ede4,Family Pet Clinic,Emergency Hospital,8390 Healthcare Center,Phoenix,AZ,85001,(733) 302-5389,contact@mountainvet69.com,False,4.4,429,False,7AM-9PM,,VETAZ60567,2025-12-22T21:19:28.819155
5c3601ae-af33-4c6a-a82e-657c9a1ecf9f,Meadow Animal Hospital,Specialty Clinic,7564 Veterinary Plaza,Dallas,TX,75201,(468) 306-1168,contact@animalvet85.com,True,4.6,320,True,9AM-5PM,Surgery,VETTX67815,2025-12-22T21:19:28.819162
f8133f26-6732-40b8-90c8-00b04170e167,Companion Animal Medical Center,General Practice,1668 Animal Plaza,Nashville,TN,37201,(520) 753-1081,contact@sunsetvet19.com,True,4.9,367,False,9AM-5PM,,VETTN39641,2025-12-22T21:19:28.819170
